Tags,Place
Historic,Philadelphia PA
Foodie,Philadelphia PA
Urban,Philadelphia PA
Urban,New York City NY
Nightlife,New York City NY
Foodie,New York City NY
Culture,New York City NY
Museums,Washington D.C.
Historic,Washington D.C.
Politics,Washington D.C.
Urban,Pittsburgh PA
Bridges,Pittsburgh PA
Sports,Pittsburgh PA
Nature,The Poconos PA
Peaceful,The Poconos PA
Cabin,The Poconos PA
Casino,Atlantic City NJ
Beachy Vibes,Atlantic City NJ
Party,Atlantic City NJ
Beachy Vibes,Cape May NJ
Quiet,Cape May NJ
Historic,Cape May NJ
Explore,Delaware Beaches DE
Vibes,Delaware Beaches DE
Travel,Delaware Beaches DE
Explore,Bushkill Falls PA
Vibes,Bushkill Falls PA
Travel,Bushkill Falls PA
Historic,Boston MA
Walkable,Boston MA
Foodie,Boston MA
Urban,Chicago IL
Foodie,Chicago IL
Architecture,Chicago IL
Hollywood,Los Angeles CA
Beachy Vibes,Los Angeles CA
Celebs,Los Angeles CA
Hills,San Francisco CA
Golden Gate,San Francisco CA
Tech,San Francisco CA
Party,Las Vegas NV
Casino,Las Vegas NV
Shows,Las Vegas NV
Theme Parks,Orlando FL
Family,Orlando FL
Fun,Orlando FL
Beachy Vibes,Miami FL
Party,Miami FL
Tropical,Miami FL
Jazz,New Orleans LA
Foodie,New Orleans LA
Party,New Orleans LA
Coffee,Seattle WA
Rain,Seattle WA
Tech,Seattle WA
Music,Austin TX
Foodie,Austin TX
Quirky,Austin TX
Mountains,Denver CO
Urban,Denver CO
Outdoors,Denver CO
Mountains,Salt Lake City UT
Mormon,Salt Lake City UT
Snow,Salt Lake City UT
Wildlife,Yellowstone National Park WY/MT
Nature,Yellowstone National Park WY/MT
Adventure,Yellowstone National Park WY/MT
Nature,Grand Canyon National Park AZ
Hiking,Grand Canyon National Park AZ
Photography,Grand Canyon National Park AZ
Beachy Vibes,San Diego CA
Chill,San Diego CA
Surf,San Diego CA
Tropical,Honolulu HI
Beachy Vibes,Honolulu HI
Island,Honolulu HI
Nature,Anchorage AK
Wilderness,Anchorage AK
Unique,Anchorage AK
Historic,Savannah GA
Charming,Savannah GA
Ghost Tours,Savannah GA
Southern,Charleston SC
Historic,Charleston SC
Foodie,Charleston SC
Peaceful,Sedona AZ
Nature,Sedona AZ
Desert,Phoenix AZ
Relaxing,Phoenix AZ
Golf,Phoenix AZ
Urban,Dallas TX
Texan,Dallas TX
Foodie,Dallas TX
Urban,Houston TX
Space Center,Houston TX
Diverse,Houston TX
Relaxing,San Antonio TX
Historic,San Antonio TX
Culture,San Antonio TX
Urban,Minneapolis MN
Lakes,Minneapolis MN
Artistic,Minneapolis MN
Explore,Kansas City MO
Vibes,Kansas City MO
Travel,Kansas City MO
Explore,Detroit MI
Vibes,Detroit MI
Travel,Detroit MI
Music,Nashville TN
Bars,Nashville TN
Party,Nashville TN
Elvis,Memphis TN
BBQ,Memphis TN
Blues,Memphis TN
Explore,Louisville KY
Vibes,Louisville KY
Travel,Louisville KY
Mountains,Asheville NC
Beer,Asheville NC
Artistic,Asheville NC
Urban,Charlotte NC
Foodie,Charlotte NC
Urban,Raleigh NC
College Town,Raleigh NC
Chill,Raleigh NC
Urban,Atlanta GA
Hip Hop,Atlanta GA
Foodie,Atlanta GA
Beachy Vibes,Tampa FL
Chill,Tampa FL
Warm,Tampa FL
Explore,St. Petersburg FL
Vibes,St. Petersburg FL
Travel,St. Petersburg FL
Island,Key West FL
Tropical,Key West FL
Sunset,Key West FL
Desert,Palm Springs CA
Relaxing,Palm Springs CA
Retro,Palm Springs CA
Snow,Lake Tahoe CA/NV
Nature,Lake Tahoe CA/NV
Scenic,Lake Tahoe CA/NV
Waterfalls,Yosemite National Park CA
Nature,Yosemite National Park CA
Hiking,Yosemite National Park CA
Canyons,Zion National Park UT
Hiking,Zion National Park UT
Adventure,Zion National Park UT
Hoodoos,Bryce Canyon National Park UT
Hiking,Bryce Canyon National Park UT
Nature,Bryce Canyon National Park UT
Desert,Arches National Park UT
Arches,Arches National Park UT
Hiking,Arches National Park UT
Mountains,Rocky Mountain National Park CO
Wildlife,Rocky Mountain National Park CO
Scenic,Rocky Mountain National Park CO
Nature,Glacier National Park MT
Hiking,Glacier National Park MT
Relaxing,Glacier National Park MT
Coastline,Acadia National Park ME
Nature,Acadia National Park ME
Fall Foliage,Acadia National Park ME
Coffee,Portland OR
Foodie,Portland OR
Artistic,Portland OR
Explore,Boise ID
Vibes,Boise ID
Travel,Boise ID
Cliffs,Big Sur CA
Ocean,Big Sur CA
Scenic,Big Sur CA
Desert,Death Valley CA
Extreme,Death Valley CA
Isolation,Death Valley CA
Desert,Joshua Tree National Park CA
Stars,Joshua Tree National Park CA
Artistic,Joshua Tree National Park CA
Artistic,Santa Fe NM
Culture,Santa Fe NM
Southwest,Santa Fe NM
Culture,Albuquerque NM
Desert,Albuquerque NM
Waterfalls,Niagara Falls NY
Nature,Niagara Falls NY
Scenic,Niagara Falls NY
Wineries,Finger Lakes NY
Lakes,Finger Lakes NY
Relaxing,Finger Lakes NY
Nature,Catskills NY
Hiking,Catskills NY
Peaceful,Catskills NY
Mountains,Adirondacks NY
Cabin,Adirondacks NY
Hiking,Adirondacks NY
Olympics,Lake Placid NY
Lakes,Lake Placid NY
Snow,Lake Placid NY
Ski,Jackson Hole WY
Outdoors,Jackson Hole WY
Luxury,Jackson Hole WY
Ski,Park City UT
Film Festival,Park City UT
Scenic,Park City UT
Luxury,Vail CO
Ski,Vail CO
Relaxing,Vail CO
Celebs,Aspen CO
Ski,Aspen CO
Luxury,Aspen CO
Beachy Vibes,Santa Monica CA
Pier,Santa Monica CA
LA Vibes,Santa Monica CA
Beachy Vibes,Malibu CA
Celebs,Malibu CA
Surf,Malibu CA
Celebs,Hollywood CA
Movies,Hollywood CA
Touristy,Hollywood CA
Relaxing,Pasadena CA
Suburban,Pasadena CA
Chill,Pasadena CA
Urban,Oakland CA
Diverse,Oakland CA
Underrated,Oakland CA
College,Berkeley CA
Liberal,Berkeley CA
Artistic,Berkeley CA
State Capitol,Sacramento CA
Chill,Sacramento CA
Historic,Sacramento CA
Luxury,Palm Beach FL
Beachy Vibes,Palm Beach FL
Relaxing,Palm Beach FL
Beachy Vibes,Amelia Island FL
Historic,Amelia Island FL
Family,Amelia Island FL
Beachy Vibes,Hilton Head Island SC
Golf,Hilton Head Island SC
Family,Hilton Head Island SC
Beachy Vibes,Myrtle Beach SC
Fun,Myrtle Beach SC
Boardwalk,Myrtle Beach SC
Historic,Richmond VA
Urban,Richmond VA
Chill,Richmond VA
Beachy Vibes,Outer Banks NC
Scenic,Outer Banks NC
Relaxing,Outer Banks NC
Beachy Vibes,Montauk NY
Quiet,Montauk NY
Chill,Montauk NY
Beachy Vibes,Fire Island NY
Escape,Fire Island NY
Lakes,Lake George NY
Family,Lake George NY
Boats,Lake George NY